relative_path,bytes,sha256
.gitattributes,154,29eedefb3104e7e0c28bd8ea30b845b759a5c28f42358cf3b81b0d6efd08e310
.github/workflows/validate.yml,758,a6302693c29a9f4faeac92cf3a0cf9924048cc26e950c3a2a332c72cd7279ba2
.gitignore,153,9be25d1246bf6af0707a7576d4396df7499710287361d5eb836edab1c09630c2
LICENSE,1267,539ce948f5692b6514dc7a14bced5c60ce50bcfc774a9530dba3ccc11a324286
README.md,5413,734c5d3948dc1230f7134e25e2fe144d02a40bf54fff4e3cc35498c9911623b8
START_HERE.md,1803,ee09c71ff534f3739d5fb4ee65d51e9fe60add360008b130c11f57d59a2550db
data/processed/adults_wide.csv,419687,21a2aff7ae401397c8eb58f1d6a67a651b3573c1a8f507ed94376703dff66355
data/processed/bio_source.csv,243369,36730683956c92021098526ffea430cba0c14c7410c67258af92d65a2d368801
data/processed/biomarker_summary.csv,483,81d99df08e8e4794a3a0b99be1a111b3ef7b01574da489369c019dd7402c0022
data/processed/cleaning_log.csv,816,1db04c78f17fde5e7916b43a67e5034b07177a020cf6e42cfd97844b8e21d2f0
data/processed/demo_source.csv,330195,79ce3ca0f1dc8a7402116313bb3f8faea14f1f7ce80898c7c2d4f3c5d5bb4753
data/processed/iqr_review_bounds.csv,278,13630ba959ed5b28e2c2963bc235a2efd4ad01110bf5a2835463ff0fd1b58804
data/processed/joined.csv,431898,9fe5472477b18b9fe17549be2ab29507faed231175ae5139888d3aba47676a79
data/processed/measurements_long.csv,2440379,842e869acc281fc43c4f545eae569c9bfc111651732d60107cd24891774d2099
data/processed/missingness_by_group.csv,4273,ca9232e2d2d0164738ed0f0db14b7cbb53e12d0e7e2c45218e19471d16631a3f
data/processed/nhanes.sqlite,4059136,c57113eaa7f29fe19863e3a1e2f807537da3935cc64d6b066b2d66d382a44953
data/raw/BIOPRO_J.xpt,2106080,5bcd5722c1892883b96a9d7fed0befadabacae313f800fadc0133cd5dd00c4c6
data/raw/DEMO_J.xpt,3412720,c0b46e0345ea19404928656277c8b0d10b0cca348a9b2fe4fc3c67e8b7ee73ec
docs/BIOPRO_J.htm,133515,9943388b7a851d278f0c0d608a0ca1d44cf44185b28ae582d3a8e37cb400a4ab
docs/DEMO_J.htm,167262,07f8f1e7f884fab180ccf53c705652de9d663833fdad85b0d759919c8464cde0
docs/GITHUB_HANDOFF.md,1375,d516e2572f3f2b940a2af232b888d3b9df02060812e29feb273a4c08fc713e79
docs/data_dictionary.csv,7557,141315adfbeadc927c1dbc18d8b115c259ceedeedf82d8c68ab17bb639026590
docs/derived_dictionary.csv,1461,fb98cf6129fd2fb31fb1844b51c2a346dd6f8f21edf1316dfc4567b80a9bb017
docs/excel.md,2991,b8cc818f99c1ad3221a35685e8f99f299f67b8a24a184325e3ceab6be25395ba
docs/methodology.md,4759,325c8c73a93be822651013c732c718852d5f9d2cc4263308118fd894e7c9d6b9
docs/skills.md,1973,fdfedb13a1fbe2ba82e4c12b522971dfddd25210a8b67459e6e67ab3aa5dd825
docs/source_manifest.json,1099,896b8efb76ef10c8663a05158b706492332bfca6d3e417606f609799c9396297
docs/verification.md,2998,1e60f623e2f755983adf5133c9103a0f945f4287b97bf0082c49025e0423b73a
excel/Complete-Excel.ps1,9187,20c2e4eddb656f0f7c8d722d386d87fbb9cfb7c7f8aae1bbf45e512e48f26486
excel/NHANES_Dashboard.xlsx,1054112,71b8f0dc7eb741fd583aeac1ebbec267854a174304237206dfa90a394d48c0a2
excel/NHANES_Native_Excel.xlsx,1060764,0250ef5e7101c83b1439117a2f22e1ee3f2c7081c618555c655ab94164e07d2d
excel/power-query/01_BioImport.pq,258,dab5ae01f627330bedb299257201d21d07e8cc4e2d7616eb274700176960a792
excel/power-query/02_DemoImport.pq,294,78daa2141b77c943d05b056a73e67894dc1773b7c2706f0ace6e99ae8345c08f
excel/power-query/03_Joined.pq,842,a2f85b3636a1cadbfa4343d35033670de282a275f66c00e80dda9df9dc0c4fb7
excel/power-query/04_Adults.pq,699,4b9d8cc18b05d75224fe4a29cdc4372fc0df5124d371a3b7e16ee0bf7f78ef2b
excel/power-query/05_LongMeasurements.pq,1144,eb4cfaff636083586fe53706e0e20f955f1d1a92bd010661fd5813dee9706397
excel/power-query/06_Missingness.pq,405,9320bec0d0d465e824dddf56cf490680e01576bcdf17d02d0eb39075db0c84e5
reports/NHANES_analysis.pdf,8211,075d0161175e78a8882532a6c7ba7f3e093ab060f601a1c16b51bcc9a4900919
reports/excel_artifact_validation.json,180,ba103496c4546e787a34fe61a2edb3532dfa6b654aba70e967461631249d6d87
reports/excel_automation_attempt.json,250,0ac8d362adcdc6d8148a0dc61db7f929a85e3c895263a38115a55b3452972dd4
reports/excel_native_alt_checks.json,449,dcf49f8296def8b6a30b622095863d42511011cb03323a730af8e994a3183c67
reports/excel_native_creatinine_checks.json,457,0b88075b02fde19ff3c96914b7c005f045073713b4f8d5113c7796d0a523bfe0
reports/excel_native_validation.json,484,ebef73f87fee64199e66bd8ad9bf327283f1aaa993ed7ed0feccfa1c7060a227
reports/excel_ui_verification.json,525,b18b7b86d4344102be0ee61cf3e127351534acc97193226521e9521c31ee83b3
reports/figures/alt_medians.pdf,2357,f90469257ddfffb62c5ccdfc1b22505e1a528e9954c63e42d388c9c377a7667a
reports/figures/alt_medians.svg,7488,bb49ea3370ec9cc0421e996595648546b3651ea1a23d503312251df361621b62
reports/figures/excel_dashboard.png,177223,4d479b93f54a46021594f239cec2f951853d440c7b1605495e8f30ec4d8a08e2
reports/figures/missingness.pdf,2351,6299d13f362877ade92dc4b76c100457cc52091e0a1b870e187cec917cec99e2
reports/figures/missingness.svg,7278,322f67841934c44d305b0fbf65c62e7eb8e2947e84cf89669ca1de11eb309e63
reports/package_validation.json,789,95c3d35726ddfd47e77b4412008f614795092b95dfd3ef943a1b9f3379b6f103
reports/reproduction_validation.json,176,eb31ee614c4c6992c056d614e72fc086dac04850a00053d3035acf26ad29e60d
reports/sql_reconciliation.csv,4273,281b2d316037761ec25808cac705f7be6ffe46e024e65aa0ca340df9b37750bc
reports/test_results.txt,819,b201372b87869017daa03e7a4f3112b0a33ad809e039469b9d70ab2a8c0dca28
reports/validation.json,539,c4994bc5e939ac1592ae1cd9450e0e899a657611ca7edddfc6c2a1a5cf0afa82
requirements.txt,44,41fcc96df8d549d012bc84798c9522a6900d14acaecbc0c1f42e0bc6d3e6a765
sql/01_cte_practice.sql,1742,f079b938dc347963c245974c9377c9feecd0ffd5b064a06183d36ac0d23d5de9
sql/02_schema.sql,1108,cb7da4d373c35cec79714cc352c9b59aa7e64f9ef112899fbcb6ec3c1e8f2d02
sql/03_views.sql,2302,1744c3c4c06815e4400d1397ae4ecbde97ef6345e893b5865b171d4e57c8e910
sql/04_analysis.sql,1032,cdd38de3323222766f9e0c5f7201e9b704680adb7354b76c68ded270d6dc03fa
src/package_review.py,5554,a2bc146221e83739dc5f329e8d390842db2a131509886851659148a24559e9d5
src/pipeline.py,11819,97271ec22da5211dc9e8fa695761a9cdbb9f8626ab33942a5871fecd375dea87
src/reporting.py,8535,a63a461beb7466b7a2f4d462aa5f1f35667ddd6916fbe0e3941f20ce163d1531
src/verify_excel.py,4191,36ec3e842f64e6f96fac1423c3b5f76d25dd8e7474d551ffad12749380fe9d3c
tests/test_pipeline.py,3013,d888f2c80f8969d1e9b93b6bb736ec793a2075956fa957d0d97fcded37256c06
