Biomarker,Unit,SexLabel,AgeBand,Participants,Observed,Missing,Mean,Minimum,Maximum,Median,MissingRate
ALT,U/L,Female,20-39,847,790,57,17.27974683544304,3.0,158.0,13.0,0.06729634002361275
ALT,U/L,Female,40-59,881,829,52,19.804583835946925,5.0,156.0,16.0,0.05902383654937571
ALT,U/L,Female,60-79,799,750,49,19.302666666666667,5.0,213.0,16.0,0.06132665832290363
ALT,U/L,Female,80+,197,182,15,14.285714285714286,6.0,42.0,13.0,0.07614213197969544
ALT,U/L,Male,20-39,742,684,58,30.742690058479532,4.0,211.0,24.0,0.07816711590296496
ALT,U/L,Male,40-59,777,722,55,28.57202216066482,6.0,189.0,24.0,0.07078507078507079
ALT,U/L,Male,60-79,837,784,53,22.220663265306122,3.0,123.0,19.0,0.06332138590203107
ALT,U/L,Male,80+,185,174,11,17.149425287356323,3.0,57.0,14.0,0.05945945945945946
AST,U/L,Female,20-39,847,788,59,18.804568527918782,8.0,178.0,16.0,0.06965761511216056
AST,U/L,Female,40-59,881,829,52,20.81061519903498,8.0,173.0,18.0,0.05902383654937571
AST,U/L,Female,60-79,799,747,52,21.449799196787147,6.0,182.0,19.0,0.06508135168961202
AST,U/L,Female,80+,197,182,15,19.774725274725274,9.0,41.0,19.0,0.07614213197969544
AST,U/L,Male,20-39,742,682,60,25.174486803519063,8.0,134.0,22.0,0.08086253369272237
AST,U/L,Male,40-59,777,718,59,24.71727019498607,8.0,272.0,21.0,0.07593307593307594
AST,U/L,Male,60-79,837,782,55,22.49616368286445,7.0,134.0,20.0,0.06571087216248507
AST,U/L,Male,80+,185,174,11,21.17241379310345,11.0,54.0,20.0,0.05945945945945946
Albumin,g/dL,Female,20-39,847,790,57,3.9767088607594934,2.6,4.8,4.0,0.06729634002361275
Albumin,g/dL,Female,40-59,881,829,52,3.959589867310012,2.4,4.9,4.0,0.05902383654937571
Albumin,g/dL,Female,60-79,799,751,48,3.967909454061252,2.6,4.8,4.0,0.060075093867334166
Albumin,g/dL,Female,80+,197,182,15,3.9071428571428575,2.7,4.9,3.9,0.07614213197969544
Albumin,g/dL,Male,20-39,742,684,58,4.277631578947369,3.1,5.1,4.3,0.07816711590296496
Albumin,g/dL,Male,40-59,777,723,54,4.104426002766251,2.1,4.9,4.1,0.0694980694980695
Albumin,g/dL,Male,60-79,837,784,53,4.042219387755102,2.8,5.4,4.0,0.06332138590203107
Albumin,g/dL,Male,80+,185,174,11,3.956896551724138,3.1,4.9,3.95,0.05945945945945946
BUN,mg/dL,Female,20-39,847,788,59,11.450507614213198,4.0,29.0,11.0,0.06965761511216056
BUN,mg/dL,Female,40-59,881,829,52,13.278648974668275,3.0,60.0,13.0,0.05902383654937571
BUN,mg/dL,Female,60-79,799,750,49,16.776,6.0,64.0,16.0,0.06132665832290363
BUN,mg/dL,Female,80+,197,182,15,21.043956043956044,8.0,60.0,19.0,0.07614213197969544
BUN,mg/dL,Male,20-39,742,684,58,13.763157894736842,5.0,64.0,14.0,0.07816711590296496
BUN,mg/dL,Male,40-59,777,723,54,15.383125864453666,2.0,76.0,15.0,0.0694980694980695
BUN,mg/dL,Male,60-79,837,784,53,17.669642857142858,6.0,79.0,17.0,0.06332138590203107
BUN,mg/dL,Male,80+,185,174,11,21.367816091954023,8.0,63.0,20.0,0.05945945945945946
Creatinine,mg/dL,Female,20-39,847,790,57,0.6983417721518989,0.38,1.24,0.69,0.06729634002361275
Creatinine,mg/dL,Female,40-59,881,829,52,0.7329915560916767,0.25,4.74,0.71,0.05902383654937571
Creatinine,mg/dL,Female,60-79,799,750,49,0.8517466666666665,0.41,10.96,0.78,0.06132665832290363
Creatinine,mg/dL,Female,80+,197,182,15,1.0180219780219781,0.55,4.76,0.915,0.07614213197969544
Creatinine,mg/dL,Male,20-39,742,684,58,0.969766081871345,0.31,12.74,0.93,0.07816711590296496
Creatinine,mg/dL,Male,40-59,777,723,54,1.026210235131397,0.49,11.46,0.95,0.0694980694980695
Creatinine,mg/dL,Male,60-79,837,784,53,1.0956377551020409,0.34,7.43,1.0,0.06332138590203107
Creatinine,mg/dL,Male,80+,185,174,11,1.2230459770114943,0.53,6.75,1.105,0.05945945945945946
GGT,IU/L,Female,20-39,847,790,57,20.137974683544304,3.0,310.0,15.0,0.06729634002361275
GGT,IU/L,Female,40-59,881,829,52,30.484921592279854,4.0,570.0,20.0,0.05902383654937571
GGT,IU/L,Female,60-79,799,750,49,31.876,6.0,618.0,20.0,0.06132665832290363
GGT,IU/L,Female,80+,197,182,15,21.917582417582416,4.0,166.0,16.0,0.07614213197969544
GGT,IU/L,Male,20-39,742,684,58,35.271929824561404,2.0,1192.0,24.0,0.07816711590296496
GGT,IU/L,Male,40-59,777,722,55,45.418282548476455,6.0,708.0,28.0,0.07078507078507079
GGT,IU/L,Male,60-79,837,784,53,36.746173469387756,7.0,646.0,25.0,0.06332138590203107
GGT,IU/L,Male,80+,185,174,11,28.49425287356322,7.0,241.0,21.0,0.05945945945945946
