variable,description,eligible_sample,source_file,codebook_url
SEQN,Respondent Sequence Number,Both males and females 12 YEARS - 150 YEARS,BIOPRO_J,https://wwwn.cdc.gov/Nchs/Data/Nhanes/Public/2017/DataFiles/BIOPRO_J.htm
LBXSATSI,Alanine Aminotransferase (ALT) (U/L),Both males and females 12 YEARS - 150 YEARS,BIOPRO_J,https://wwwn.cdc.gov/Nchs/Data/Nhanes/Public/2017/DataFiles/BIOPRO_J.htm
LBDSATLC,ALT Comment Code,Both males and females 12 YEARS - 150 YEARS,BIOPRO_J,https://wwwn.cdc.gov/Nchs/Data/Nhanes/Public/2017/DataFiles/BIOPRO_J.htm
LBXSAL,"Albumin, refrigerated serum (g/dL)",Both males and females 12 YEARS - 150 YEARS,BIOPRO_J,https://wwwn.cdc.gov/Nchs/Data/Nhanes/Public/2017/DataFiles/BIOPRO_J.htm
LBDSALSI,"Albumin, refrigerated serum (g/L)",Both males and females 12 YEARS - 150 YEARS,BIOPRO_J,https://wwwn.cdc.gov/Nchs/Data/Nhanes/Public/2017/DataFiles/BIOPRO_J.htm
LBXSAPSI,Alkaline Phosphatase (ALP) (IU/L),Both males and females 12 YEARS - 150 YEARS,BIOPRO_J,https://wwwn.cdc.gov/Nchs/Data/Nhanes/Public/2017/DataFiles/BIOPRO_J.htm
LBXSASSI,Aspartate Aminotransferase (AST) (U/L),Both males and females 12 YEARS - 150 YEARS,BIOPRO_J,https://wwwn.cdc.gov/Nchs/Data/Nhanes/Public/2017/DataFiles/BIOPRO_J.htm
LBXSC3SI,Bicarbonate (mmol/L),Both males and females 12 YEARS - 150 YEARS,BIOPRO_J,https://wwwn.cdc.gov/Nchs/Data/Nhanes/Public/2017/DataFiles/BIOPRO_J.htm
LBXSBU,Blood Urea Nitrogen (mg/dL),Both males and females 12 YEARS - 150 YEARS,BIOPRO_J,https://wwwn.cdc.gov/Nchs/Data/Nhanes/Public/2017/DataFiles/BIOPRO_J.htm
LBDSBUSI,Blood Urea Nitrogen (mmol/L),Both males and females 12 YEARS - 150 YEARS,BIOPRO_J,https://wwwn.cdc.gov/Nchs/Data/Nhanes/Public/2017/DataFiles/BIOPRO_J.htm
LBXSCLSI,Chloride (mmol/L),Both males and females 12 YEARS - 150 YEARS,BIOPRO_J,https://wwwn.cdc.gov/Nchs/Data/Nhanes/Public/2017/DataFiles/BIOPRO_J.htm
LBXSCK,Creatine Phosphokinase (CPK) (IU/L),Both males and females 12 YEARS - 150 YEARS,BIOPRO_J,https://wwwn.cdc.gov/Nchs/Data/Nhanes/Public/2017/DataFiles/BIOPRO_J.htm
LBXSCR,"Creatinine, refrigerated serum (mg/dL)",Both males and females 12 YEARS - 150 YEARS,BIOPRO_J,https://wwwn.cdc.gov/Nchs/Data/Nhanes/Public/2017/DataFiles/BIOPRO_J.htm
LBDSCRSI,"Creatinine, refrigerated serum (umol/L)",Both males and females 12 YEARS - 150 YEARS,BIOPRO_J,https://wwwn.cdc.gov/Nchs/Data/Nhanes/Public/2017/DataFiles/BIOPRO_J.htm
LBXSGB,Globulin (g/dL),Both males and females 12 YEARS - 150 YEARS,BIOPRO_J,https://wwwn.cdc.gov/Nchs/Data/Nhanes/Public/2017/DataFiles/BIOPRO_J.htm
LBDSGBSI,Globulin (g/L),Both males and females 12 YEARS - 150 YEARS,BIOPRO_J,https://wwwn.cdc.gov/Nchs/Data/Nhanes/Public/2017/DataFiles/BIOPRO_J.htm
LBXSGL,"Glucose, refrigerated serum (mg/dL)",Both males and females 12 YEARS - 150 YEARS,BIOPRO_J,https://wwwn.cdc.gov/Nchs/Data/Nhanes/Public/2017/DataFiles/BIOPRO_J.htm
LBDSGLSI,"Glucose, refrigerated serum (mmol/L)",Both males and females 12 YEARS - 150 YEARS,BIOPRO_J,https://wwwn.cdc.gov/Nchs/Data/Nhanes/Public/2017/DataFiles/BIOPRO_J.htm
LBXSGTSI,Gamma Glutamyl Transferase (GGT) (IU/L),Both males and females 12 YEARS - 150 YEARS,BIOPRO_J,https://wwwn.cdc.gov/Nchs/Data/Nhanes/Public/2017/DataFiles/BIOPRO_J.htm
LBDSGTLC,GGT Comment Code,Both males and females 12 YEARS - 150 YEARS,BIOPRO_J,https://wwwn.cdc.gov/Nchs/Data/Nhanes/Public/2017/DataFiles/BIOPRO_J.htm
LBXSIR,"Iron, refrigerated serum (ug/dL)",Both males and females 12 YEARS - 150 YEARS,BIOPRO_J,https://wwwn.cdc.gov/Nchs/Data/Nhanes/Public/2017/DataFiles/BIOPRO_J.htm
LBDSIRSI,"Iron, refrigerated serum (umol/L)",Both males and females 12 YEARS - 150 YEARS,BIOPRO_J,https://wwwn.cdc.gov/Nchs/Data/Nhanes/Public/2017/DataFiles/BIOPRO_J.htm
LBXSLDSI,Lactate Dehydrogenase (LDH) (IU/L),Both males and females 12 YEARS - 150 YEARS,BIOPRO_J,https://wwwn.cdc.gov/Nchs/Data/Nhanes/Public/2017/DataFiles/BIOPRO_J.htm
LBXSOSSI,Osmolality (mmol/Kg),Both males and females 12 YEARS - 150 YEARS,BIOPRO_J,https://wwwn.cdc.gov/Nchs/Data/Nhanes/Public/2017/DataFiles/BIOPRO_J.htm
LBXSPH,Phosphorus (mg/dL),Both males and females 12 YEARS - 150 YEARS,BIOPRO_J,https://wwwn.cdc.gov/Nchs/Data/Nhanes/Public/2017/DataFiles/BIOPRO_J.htm
LBDSPHSI,Phosphorus (mmol/L),Both males and females 12 YEARS - 150 YEARS,BIOPRO_J,https://wwwn.cdc.gov/Nchs/Data/Nhanes/Public/2017/DataFiles/BIOPRO_J.htm
LBXSKSI,Potassium (mmol/L),Both males and females 12 YEARS - 150 YEARS,BIOPRO_J,https://wwwn.cdc.gov/Nchs/Data/Nhanes/Public/2017/DataFiles/BIOPRO_J.htm
LBXSNASI,Sodium (mmol/L),Both males and females 12 YEARS - 150 YEARS,BIOPRO_J,https://wwwn.cdc.gov/Nchs/Data/Nhanes/Public/2017/DataFiles/BIOPRO_J.htm
LBXSTB,Total Bilirubin (mg/dL),Both males and females 12 YEARS - 150 YEARS,BIOPRO_J,https://wwwn.cdc.gov/Nchs/Data/Nhanes/Public/2017/DataFiles/BIOPRO_J.htm
LBDSTBSI,Total Bilirubin (umol/L),Both males and females 12 YEARS - 150 YEARS,BIOPRO_J,https://wwwn.cdc.gov/Nchs/Data/Nhanes/Public/2017/DataFiles/BIOPRO_J.htm
LBDSTBLC,Total Bilirubin Comment Code,Both males and females 12 YEARS - 150 YEARS,BIOPRO_J,https://wwwn.cdc.gov/Nchs/Data/Nhanes/Public/2017/DataFiles/BIOPRO_J.htm
LBXSCA,Total Calcium (mg/dL),Both males and females 12 YEARS - 150 YEARS,BIOPRO_J,https://wwwn.cdc.gov/Nchs/Data/Nhanes/Public/2017/DataFiles/BIOPRO_J.htm
LBDSCASI,Total Calcium (mmol/L),Both males and females 12 YEARS - 150 YEARS,BIOPRO_J,https://wwwn.cdc.gov/Nchs/Data/Nhanes/Public/2017/DataFiles/BIOPRO_J.htm
LBXSCH,"Cholesterol, refrigerated serum (mg/dL)",Both males and females 12 YEARS - 150 YEARS,BIOPRO_J,https://wwwn.cdc.gov/Nchs/Data/Nhanes/Public/2017/DataFiles/BIOPRO_J.htm
LBDSCHSI,"Cholesterol, refrigerated serum (mmol/L)",Both males and females 12 YEARS - 150 YEARS,BIOPRO_J,https://wwwn.cdc.gov/Nchs/Data/Nhanes/Public/2017/DataFiles/BIOPRO_J.htm
LBXSTP,Total Protein (g/dL),Both males and females 12 YEARS - 150 YEARS,BIOPRO_J,https://wwwn.cdc.gov/Nchs/Data/Nhanes/Public/2017/DataFiles/BIOPRO_J.htm
LBDSTPSI,Total Protein (g/L),Both males and females 12 YEARS - 150 YEARS,BIOPRO_J,https://wwwn.cdc.gov/Nchs/Data/Nhanes/Public/2017/DataFiles/BIOPRO_J.htm
LBXSTR,"Triglycerides, refrig serum (mg/dL)",Both males and females 12 YEARS - 150 YEARS,BIOPRO_J,https://wwwn.cdc.gov/Nchs/Data/Nhanes/Public/2017/DataFiles/BIOPRO_J.htm
LBDSTRSI,"Triglycerides, refrig serum (mmol/L)",Both males and females 12 YEARS - 150 YEARS,BIOPRO_J,https://wwwn.cdc.gov/Nchs/Data/Nhanes/Public/2017/DataFiles/BIOPRO_J.htm
LBXSUA,Uric acid (mg/dL),Both males and females 12 YEARS - 150 YEARS,BIOPRO_J,https://wwwn.cdc.gov/Nchs/Data/Nhanes/Public/2017/DataFiles/BIOPRO_J.htm
LBDSUASI,Uric acid (umol/L),Both males and females 12 YEARS - 150 YEARS,BIOPRO_J,https://wwwn.cdc.gov/Nchs/Data/Nhanes/Public/2017/DataFiles/BIOPRO_J.htm
RIDAGEYR,Age in years at screening,Both males and females 0 YEARS - 150 YEARS,DEMO_J,https://wwwn.cdc.gov/Nchs/Data/Nhanes/Public/2017/DataFiles/DEMO_J.htm
RIAGENDR,Gender,Both males and females 0 YEARS - 150 YEARS,DEMO_J,https://wwwn.cdc.gov/Nchs/Data/Nhanes/Public/2017/DataFiles/DEMO_J.htm
WTMEC2YR,Full sample 2 year MEC exam weight,Both males and females 0 YEARS - 150 YEARS,DEMO_J,https://wwwn.cdc.gov/Nchs/Data/Nhanes/Public/2017/DataFiles/DEMO_J.htm
SDMVSTRA,Masked variance pseudo-stratum,Both males and females 0 YEARS - 150 YEARS,DEMO_J,https://wwwn.cdc.gov/Nchs/Data/Nhanes/Public/2017/DataFiles/DEMO_J.htm
SDMVPSU,Masked variance pseudo-PSU,Both males and females 0 YEARS - 150 YEARS,DEMO_J,https://wwwn.cdc.gov/Nchs/Data/Nhanes/Public/2017/DataFiles/DEMO_J.htm
